client_address_latitude,client_address_longitude,direction_label,dist
35.689485,139.6891114,NW,4.320585140234629
37.9025016,139.0206316,SE,12.552029145684003
31.560187,130.5553932,N,10.936727059122902
43.064115,141.3448449,SW,7.859221304291632